Name,Address,Phone
Firestone Complete Auto Care,No address available,No phone available
BMW Motorcycles Of Manhattan,555 W 57th St,(212) 586-2269
Auto Care East,243 E 94th St,(212) 988-1515
Autotech Collision,505 W 57th St,(212) 974-0400
Manhattan Auto Care Inc,275 Delancey St,(212) 353-0125
Broadway Automotive Auto Repair and Car Towing,4519 Broadway,(212) 942-2440
NYC Tire and Auto Care,514 W 39th St,(212) 244-4420
Punjab Auto Care,25 Division St,(201) 239-0600
Sun's Car Center Inc.,246 E 125th St,(212) 426-5778
Allstate Corp Services,309 11th Ave,(212) 594-1515
Motor Club of America,65 W 54th St,(205) 724-9532
Kingdom Garage,1 Central Park S,(212) 265-4199
Ale Auto Repair,145 W 71st St,(646) 452-0388
Audivwautorepair,418 Columbus Ave,(646) 963-9996
Brownfeld Auto Service,518 W 29th St,(212) 239-7037
H X Int L Inc,1 Eldridge St,(212) 966-5015
Birdge View,26 Forsyth St,(212) 226-6465
Downtown Automotive,326 Bowery,(212) 674-2828
Automotive Diagnostic Center of Ny Inc,555 W 131st St,(212) 939-9400
A One Auto Works,184 Bay St,(201) 533-0300
Midas Auto Service Experts,223 E 125th St,(212) 722-2020
Rebuild Transmissions New York,41 W 47th St Rm 201,(212) 582-2232
Fernando Auto Repair,2238 Amsterdam Ave,(212) 740-8090
Guardian Towing NYC,97 Orchard St,(917) 677-5177
Midtown Center Auto Repair,537 W 38th St,(212) 868-0795
D & D's Impressive Auto Collision Inc.,334 E 126th St,(212) 289-7382
Sears Auto Center,50 Mall Dr W,(201) 420-5395
Quality Auto Services,514 W 39th St,(212) 244-4420
Cobble Hill Super Service,112 Atlantic Ave,(718) 858-9517
Cibao Auto Repair Corp,185 E 109th St,(212) 353-9996
A1 Towing & Collision Inc,608 W 47th St,(646) 542-0049
I K Express Auto Repair,10717 Merrick Blvd,(718) 657-1700
VOLVO SERVICE MANHATTAN,441 W 37th St,(646) 284-3114
Metropolitan Auto Body,284 Flushing Ave,(929) 298-1874
Rosen Paramount Glass,45 E 20th St,(212) 532-0820
J R Auto Services Corp,89 Saint Nicholas Pl,(212) 939-9299
Jiffy Lube,50 Mall Dr W,(201) 798-0178
NYC Automotive Repair,178 Church St,(212) 678-9111
54th. Street Auto Care,415 W 54th St,(212) 265-3120
Ludlow Garage,151 Attorney St,(212) 505-0869
Super Towing & Road Service,215 W 49th St,(832) 571-7025
Caroline's Cake Shop,4484 Broadway,(516) 555-5556
Paint Protection Inc,204 Hamilton Ave,(917) 495-4456
iPark - 100 ML GARAGE CORP.,9 Cedar Street,(646) 449-9840
Mobile Dent Repair NYC,244 5th Ave Fl D209,(917) 789-1594
iPark - NYULMC G GARAGE CORP.,400 E 35th St,(212) 213-5786
Bumper,48 W 38th St Fl 8,(332) 225-9745
WindshieldHUB,295 Madison Ave 12th Fl,(800) 711-1669
Centerpark East 47th Street Garage,212 East 47th Street,(212) 888-2540
Pars Auto Repair,517 W 45th St,(212) 957-4646
Mobil Svce Sta,718 11th Ave,(212) 582-9269
Cybert Tire & Car Care,545 West 52nd Street (between 11th and 10th ave),(212) 265-1177
Auto Services Demo,555 W 57th St,(972) 555-1234
Potamkin GM Certified Service Center,2485 2nd Ave,(212) 399-4400
Tow Truck NYC,73 E 130th St,(917) 727-3439
E.T.A. CONSULTING SERVICES, LTD.,571 W 139th St,(646) 912-9099
G & J Svce Sta,185 Flatbush Avenue Ext,(718) 875-1706
Northside Auto Corp,98 N 5th St,(718) 387-6746
American Twenty Four Hrs Towing,122 Greenwich St,(646) 237-1451
Emergency Towing,176 Grand St,(212) 993-1964
Wai Lun Chan,90 Division St,(212) 966-1703
I K Express Auto Repair,10717 Merrick Blvd,(718) 657-1700
VOLVO SERVICE MANHATTAN,441 W 37th St,(646) 284-3114
Metropolitan Auto Body,284 Flushing Ave,(929) 298-1874
Rosen Paramount Glass,45 E 20th St,(212) 532-0820
J R Auto Services Corp,89 Saint Nicholas Pl,(212) 939-9299
Jiffy Lube,50 Mall Dr W,(201) 798-0178
NYC Automotive Repair,178 Church St,(212) 678-9111
54th. Street Auto Care,415 W 54th St,(212) 265-3120
Ludlow Garage,151 Attorney St,(212) 505-0869
Super Towing & Road Service,215 W 49th St,(832) 571-7025
Caroline's Cake Shop,4484 Broadway,(516) 555-5556
Paint Protection Inc,204 Hamilton Ave,(917) 495-4456
iPark - 100 ML GARAGE CORP.,9 Cedar Street,(646) 449-9840
Mobile Dent Repair NYC,244 5th Ave Fl D209,(917) 789-1594
iPark - NYULMC G GARAGE CORP.,400 E 35th St,(212) 213-5786
Bumper,48 W 38th St Fl 8,(332) 225-9745
WindshieldHUB,295 Madison Ave 12th Fl,(800) 711-1669
Centerpark East 47th Street Garage,212 East 47th Street,(212) 888-2540
Pars Auto Repair,517 W 45th St,(212) 957-4646
Mobil Svce Sta,718 11th Ave,(212) 582-9269
Cybert Tire & Car Care,545 West 52nd Street (between 11th and 10th ave),(212) 265-1177
Auto Services Demo,555 W 57th St,(972) 555-1234
Potamkin GM Certified Service Center,2485 2nd Ave,(212) 399-4400
Tow Truck NYC,73 E 130th St,(917) 727-3439
E.T.A. CONSULTING SERVICES, LTD.,571 W 139th St,(646) 912-9099
G & J Svce Sta,185 Flatbush Avenue Ext,(718) 875-1706
Northside Auto Corp,98 N 5th St,(718) 387-6746
American Twenty Four Hrs Towing,122 Greenwich St,(646) 237-1451
Emergency Towing,176 Grand St,(212) 993-1964
Wai Lun Chan,90 Division St,(212) 966-1703
